SupplierId,Name,Country,MaterialType,Rating
SUP-68D9A182,Orinoco Cacao Cooperative,Venezuela,Cocoa Nibs,4.1
SUP-D3863FA3,Ashanti Bean Traders,Ghana,Cocoa Nibs,2.9
SUP-1E362D14,Bahia Origin Farms,Brazil,Cocoa Nibs,3.4
SUP-AD8C893D,Cristal Sugar Mills,Brazil,Sugar,3.3
SUP-9788BA24,Valle Dulce Refinery,Mexico,Sugar,4.3
SUP-DCFBE114,Alpine Dairy Co-op,Switzerland,Milk,4.2
SUP-4FDB1645,Nordland Milk Powder,Denmark,Milk,4.7
SUP-E64892F4,Wrapline Packaging,Germany,Packaging,3.0
SUP-25A8909D,BoxCraft Industrial,Poland,Packaging,3.7
